subject,condition,source,source_lag,te_value,target
Fr,dev,3,8,0.05308962824114283,6
Fr,stand,3,9,0.046798918835097236,6
Go,dev,2,9,0.06585118664156275,6
Go,stand,2,9,0.07634649429390761,6
Kr,dev,2,8,0.10792949242607985,6
Kr,stand,2,9,0.09397180683169193,6
